{"stat.pickup.zawa.amazon_sword":1,"stat.pickup.minecraft.bone":26,"stat.useItem.minecraft.iron_axe":111,"stat.leaveGame":2,"stat.mineBlock.minecraft.cobblestone":17,"stat.pickup.minecraft.flint":3,"stat.pickup.jurassicraft.plant_fossil":5,"stat.craftItem.minecraft.iron_axe":1,"stat.pickup.jurassicraft.crickets":5,"stat.swimOneCm":39994,"stat.pickup.zawa.worm":14,"stat.climbOneCm":6927,"stat.craftItem.minecraft.shield":1,"stat.pickup.minecraft.enchanted_book":12,"stat.useItem.minecraft.planks":5,"stat.drop.minecraft.cobblestone":52,"stat.pickup.jurassicraft.amber":9,"stat.useItem.minecraft.dirt":8,"stat.pickup.wings.fairy_dust":105,"stat.useItem.chococraft.gysahl_green":4,"stat.useItem.minecraft.stone_slab2":41,"stat.pickup.minecraft.bow":1,"stat.pickup.minecraft.iron_boots":4,"stat.useItem.minecraft.water_bucket":6,"stat.pickup.minecraft.rotten_flesh":38,"stat.entityKilledBy.grimoireofgaia.succubus":1,"stat.craftItem.minecraft.furnace":1,"stat.craftItem.minecraft.iron_boots":1,"stat.useItem.minecraft.birch_boat":1,"stat.craftItem.minecraft.stone_pickaxe":1,"stat.craftItem.minecraft.cooked_beef":7,"stat.pickup.minecraft.cobblestone":809,"stat.mineBlock.chisel.limestone2":2,"stat.flyOneCm":209486,"stat.drop.minecraft.wheat_seeds":1,"stat.useItem.minecraft.cooked_beef":5,"stat.mineBlock.openblocks.grave":7,"stat.mineBlock.minecraft.iron_ore":102,"stat.timeSinceDeath":382,"stat.craftItem.iceandfire.silver_ingot":6,"stat.pickup.iceandfire.silver_ingot":4,"stat.useItem.minecraft.iron_pickaxe":908,"stat.pickup.chococraft.lovely_gysahl_green":1,"stat.craftItem.minecraft.wooden_pickaxe":1,"stat.killEntity.Bat":1,"stat.pickup.minecraft.double_plant":1,"stat.craftItem.minecraft.birch_door":3,"stat.craftItem.minecraft.bed":1,"stat.pickup.minecraft.wooden_axe":3,"stat.mineBlock.chisel.marble2":13,"stat.furnaceInteraction":46,"stat.drop.minecraft.gravel":15,"stat.drop.minecraft.dirt":6,"stat.mineBlock.botania.flower":1,"stat.mineBlock.minecraft.coal_ore":147,"stat.killEntity.Creeper":1,"stat.pickup.minecraft.shield":1,"stat.pickup.minecraft.wooden_sword":3,"stat.pickup.iceandfire.manuscript":2,"stat.mineBlock.zawa.kelp":1,"stat.pickup.minecraft.beef":10,"stat.pickup.minecraft.furnace":7,"stat.craftItem.minecraft.stone_slab2":0,"stat.mineBlock.zawa.mixed_coral_plates":1,"stat.sprintOneCm":174818,"stat.pickup.minecraft.paper":48,"stat.pickup.minecraft.iron_chestplate":4,"stat.craftItem.minecraft.stick":36,"stat.craftItem.minecraft.wooden_axe":1,"stat.mineBlock.jurassicraft.gypsum_stone":11,"stat.craftItem.iceandfire.armor_silver_metal_helmet":1,"stat.mineBlock.minecraft.diamond_ore":6,"stat.useItem.minecraft.flint_and_steel":1,"stat.mineBlock.minecraft.crafting_table":18,"stat.mineBlock.zawa.sea_grass":1,"stat.mineBlock.jurassicraft.amber_ore":3,"stat.pickup.chococraft.gysahl_green_seeds":51,"stat.pickup.botania.flower":1,"stat.deaths":10,"stat.mineBlock.minecraft.planks":10,"stat.drop":36,"stat.pickup.grimoireofgaia.misc_pearl":5,"stat.playOneMinute":170835,"stat.pickup.jurassicraft.moss":1,"stat.pickup.zawa.peach_flower":1,"stat.pickup.minecraft.birch_door":5,"stat.craftItem.minecraft.iron_pickaxe":4,"stat.killEntity.Zombie":13,"stat.pickup.zawa.care_guide":5,"stat.pickup.chisel.marble2":40,"stat.mineBlock.minecraft.gold_ore":17,"stat.mineBlock.minecraft.tallgrass":17,"stat.pickup.minecraft.netherrack":12,"stat.diveOneCm":75359,"stat.chestOpened":1,"stat.pickup.botania.mushroom":2,"stat.pickup.iceandfire.armor_silver_metal_helmet":5,"stat.mineBlock.minecraft.netherrack":8,"stat.pickup.minecraft.gravel":30,"stat.pickup.minecraft.arrow":40,"stat.pickup.minecraft.iron_sword":1,"stat.drop.minecraft.cooked_beef":2,"stat.killEntity.grimoireofgaia.cecaelia":1,"stat.mineBlock.zawa.amazon_sword":1,"stat.useItem.minecraft.rotten_flesh":12,"stat.mineBlock.botania.mushroom":2,"stat.jump":1786,"stat.pickup.minecraft.coal":345,"stat.fallOneCm":43828,"stat.pickup.minecraft.iron_ingot":90,"stat.craftItem.minecraft.birch_boat":1,"stat.drop.minecraft.stone":4,"stat.drop.jurassicraft.plant_fossil":2,"stat.pickup.minecraft.gunpowder":2,"stat.entityKilledBy.CaveSpider":1,"stat.drop.minecraft.wooden_sword":4,"stat.crouchOneCm":62793,"stat.mineBlock.minecraft.chest":1,"stat.pickup.grimoireofgaia.pickup_heart":1,"stat.craftItem.minecraft.torch":56,"stat.craftItem.minecraft.iron_ingot":54,"stat.pickup.minecraft.dirt":92,"stat.craftingTableInteraction":34,"stat.pickup.minecraft.iron_ore":103,"stat.entityKilledBy.siren":2,"stat.pickup.iceandfire.silver_ore":6,"stat.boatOneCm":198606,"stat.pickup.minecraft.gold_ore":46,"stat.useItem.minecraft.sapling":1,"stat.mineBlock.minecraft.lapis_ore":7,"stat.craftItem.minecraft.flint_and_steel":1,"stat.pickup.minecraft.iron_axe":4,"stat.pickup.minecraft.wooden_pickaxe":1,"stat.useItem.chisel.marble2":4,"stat.damageTaken":3079,"stat.pickup.minecraft.leather":16,"stat.mineBlock.minecraft.furnace":4,"stat.mineBlock.minecraft.torch":22,"stat.useItem.minecraft.wooden_pickaxe":59,"stat.craftItem.minecraft.wooden_sword":4,"stat.pickup.zawa.kelp":7,"stat.pickup.minecraft.dye":84,"stat.pickup.minecraft.planks":107,"stat.pickup.minecraft.iron_leggings":4,"stat.pickup.chisel.limestone2":2,"stat.pickup.minecraft.bed":5,"stat.pickup.minecraft.wheat_seeds":1,"stat.drop.chococraft.lovely_gysahl_green":1,"stat.entityKilledBy.Zombie":1,"stat.mineBlock.minecraft.gravel":24,"stat.useItem.minecraft.stone_pickaxe":128,"stat.mineBlock.minecraft.glass":4,"stat.craftItem.minecraft.iron_leggings":1,"stat.damageDealt":6011,"stat.killEntity.grimoireofgaia.vase_nether":1,"stat.sleepInBed":1,"stat.pickup.chococraft.gysahl_green":13,"stat.killEntity.Cow":3,"stat.mineBlock.minecraft.dirt":71,"stat.useItem.minecraft.crafting_table":5,"stat.craftItem.minecraft.iron_sword":1,"stat.drop.minecraft.stick":1,"stat.pickup.minecraft.boat":1,"stat.pickup.minecraft.flint_and_steel":1,"stat.walkOneCm":340746,"stat.useItem.minecraft.torch":56,"stat.pickup.minecraft.stick":9,"stat.pickup.minecraft.iron_nugget":24,"stat.drop.botania.flower":1,"stat.mineBlock.iceandfire.silver_ore":6,"stat.mineBlock.jurassicraft.plant_fossil_block":5,"stat.useItem.minecraft.log":8,"stat.pickup.minecraft.crafting_table":21,"stat.useItem.minecraft.cobblestone":108,"stat.craftItem.minecraft.crafting_table":5,"stat.mineBlock.minecraft.double_plant":1,"stat.useItem.minecraft.lava_bucket":19,"stat.craftItem.minecraft.boat":7,"stat.mineBlock.chisel.basalt2":3,"stat.pickup.minecraft.log":103,"stat.pickup.minecraft.iron_pickaxe":4,"stat.pickup.openblocks.info_book":1,"stat.drop.chisel.marble2":9,"stat.pickup.minecraft.stone":13,"stat.craftItem.minecraft.iron_chestplate":1,"stat.drop.minecraft.sapling":9,"stat.mineBlock.zawa.brain_coral":1,"stat.pickup.minecraft.sapling":28,"stat.pickup.minecraft.wooden_door":6,"stat.drop.chococraft.gysahl_green_seeds":19,"stat.useItem.minecraft.birch_door":2,"stat.killEntity.Skeleton":6,"stat.craftItem.minecraft.bucket":2,"stat.craftItem.minecraft.planks":160,"stat.useItem.minecraft.iron_sword":9,"stat.drop.minecraft.crafting_table":2,"stat.mobKills":28,"stat.pickup.minecraft.book":12,"stat.mineBlock.minecraft.log":63,"stat.craftItem.minecraft.wooden_door":3,"stat.useItem.minecraft.boat":8,"stat.pickup.minecraft.water_bucket":2,"stat.drop.minecraft.birch_door":1,"stat.pickup.minecraft.diamond":30,"stat.mineBlock.minecraft.leaves":35,"stat.mineBlock.wings.fairy_dust_ore":24,"stat.mineBlock.jurassicraft.moss":1,"stat.pickup.minecraft.torch":142,"stat.entityKilledBy.grimoireofgaia.baphomet":2,"stat.mineBlock.minecraft.redstone_ore":18,"stat.sneakTime":20453,"stat.pickup.minecraft.wool":13,"stat.drop.botania.mushroom":1,"stat.useItem.minecraft.wooden_axe":40,"stat.mineBlock.zawa.peach_flower":1,"stat.drop.zawa.care_guide":2,"stat.mineBlock.minecraft.stone":625,"stat.drop.minecraft.wooden_axe":1,"stat.pickup.minecraft.chest":5}