{"stat.drop.minecraft.mutton":3,"stat.entityKilledBy.grimoireofgaia.spriggan":1,"stat.leaveGame":12,"stat.pickup.jurassicraft.crickets":2,"stat.useItem.minecraft.mutton":7,"stat.pickup.zawa.worm":3,"stat.craftItem.minecraft.shield":1,"stat.useItem.minecraft.planks":127,"stat.pickup.minecraft.porkchop":52,"stat.pickup.minecraft.rotten_flesh":6,"stat.craftItem.minecraft.stone_axe":3,"stat.entityKilledBy.grimoireofgaia.ender_eye":1,"stat.craftItem.minecraft.stone_sword":2,"stat.entityKilledBy.firedragon":3,"stat.mineBlock.openblocks.grave":2,"stat.craftItem.minecraft.wooden_pickaxe":5,"stat.pickup.minecraft.double_plant":1,"stat.craftItem.minecraft.bed":2,"stat.mineBlock.minecraft.vine":1,"stat.mineBlock.chisel.marble2":5,"stat.useItem.minecraft.oak_stairs":18,"stat.furnaceInteraction":41,"stat.mineBlock.botania.flower":1,"stat.pickup.minecraft.beef":8,"stat.useItem.minecraft.cooked_mutton":4,"stat.pickup.minecraft.furnace":15,"stat.mineBlock.jurassicraft.gypsum_stone":1,"stat.useItem.chococraft.gysahl_green_seeds":6,"stat.useItem.minecraft.beef":2,"stat.mineBlock.minecraft.oak_stairs":1,"stat.deaths":11,"stat.mineBlock.iceandfire.chared_gravel":1,"stat.pickup.minecraft.egg":2,"stat.playOneMinute":120115,"stat.pickup.zawa.care_guide":4,"stat.pickup.chisel.marble2":5,"stat.craftItem.minecraft.cooked_mutton":4,"stat.mineBlock.minecraft.tallgrass":12,"stat.chestOpened":10,"stat.pickup.minecraft.arrow":3,"stat.pickup.minecraft.gold_nugget":151,"stat.useItem.minecraft.experience_bottle":4,"stat.pickup.minecraft.cooked_chicken":3,"stat.fallOneCm":59114,"stat.crouchOneCm":33620,"stat.entityKilledBy.grimoireofgaia.werecat":4,"stat.craftItem.minecraft.iron_ingot":3,"stat.pickup.minecraft.melon":8,"stat.drop.minecraft.slime_ball":2,"stat.craftingTableInteraction":33,"stat.pickup.jurassicraft.gypsum_powder":8,"stat.pickup.minecraft.wooden_pickaxe":1,"stat.pickup.minecraft.feather":6,"stat.useItem.minecraft.furnace":6,"stat.pickup.zawa.raw_frog_leg":2,"stat.pickup.minecraft.planks":42,"stat.drop.jurassicraft.crickets":2,"stat.drop.iceandfire.chain_link":11,"stat.useItem.minecraft.stone_pickaxe":203,"stat.useItem.minecraft.stone_sword":81,"stat.pickup.zawa.dried_bamboo":2,"stat.craftItem.minecraft.oak_stairs":20,"stat.mineBlock.minecraft.dirt":24,"stat.useItem.minecraft.torch":6,"stat.pickup.minecraft.iron_nugget":3,"stat.drop.minecraft.rotten_flesh":6,"stat.pickup.minecraft.crafting_table":6,"stat.useItem.minecraft.cobblestone":10,"stat.craftItem.minecraft.crafting_table":18,"stat.craftItem.minecraft.boat":6,"stat.pickup.minecraft.log":112,"stat.craftItem.minecraft.gold_ingot":14,"stat.pickup.minecraft.chicken":4,"stat.pickup.minecraft.sapling":11,"stat.pickup.minecraft.apple":1,"stat.mineBlock.iceandfire.goldpile":28,"stat.craftItem.minecraft.planks":436,"stat.pickup.minecraft.stone_sword":1,"stat.mineBlock.minecraft.log":109,"stat.craftItem.minecraft.cooked_chicken":3,"stat.useItem.minecraft.stone_hoe":9,"stat.sneakTime":11513,"stat.pickup.minecraft.wool":14,"stat.useItem.minecraft.wooden_axe":66,"stat.pickup.minecraft.yellow_flower":2,"stat.pickup.minecraft.bone":4,"stat.mineBlock.minecraft.cobblestone":3,"stat.pickup.minecraft.stone_pickaxe":1,"stat.pickup.minecraft.flint":1,"stat.mineBlock.minecraft.yellow_flower":1,"stat.mineBlock.iceandfire.chared_stone":1,"stat.swimOneCm":40108,"stat.climbOneCm":216,"stat.pickup.minecraft.cooked_porkchop":9,"stat.useItem.chococraft.gysahl_green":50,"stat.useItem.minecraft.dirt":10,"stat.pickup.wings.fairy_dust":11,"stat.useItem.minecraft.stone_slab2":33,"stat.craftItem.minecraft.furnace":5,"stat.useItem.zawa.raw_frog_leg":2,"stat.useItem.minecraft.egg":1,"stat.mineBlock.zawa.dried_bamboo":1,"stat.useItem.minecraft.iron_ore":1,"stat.pickup.iceandfire.chain_link":7,"stat.craftItem.minecraft.stone_pickaxe":4,"stat.craftItem.minecraft.cooked_beef":1,"stat.pickup.minecraft.cobblestone":127,"stat.useItem.minecraft.stone_shovel":11,"stat.flyOneCm":380547,"stat.pickup.minecraft.fish":1,"stat.useItem.minecraft.cooked_beef":1,"stat.mineBlock.minecraft.iron_ore":17,"stat.timeSinceDeath":239,"stat.pickup.chococraft.lovely_gysahl_green":20,"stat.pickup.minecraft.mutton":16,"stat.pickup.minecraft.wooden_axe":1,"stat.drop.minecraft.dirt":1,"stat.useItem.minecraft.cooked_porkchop":7,"stat.drop.minecraft.wool":5,"stat.mineBlock.minecraft.coal_ore":25,"stat.killEntity.Creeper":1,"stat.craftItem.minecraft.stone_hoe":1,"stat.pickup.minecraft.string":8,"stat.craftItem.minecraft.stone_slab2":0,"stat.sprintOneCm":379822,"stat.craftItem.minecraft.stick":68,"stat.craftItem.minecraft.wooden_axe":3,"stat.mineBlock.minecraft.crafting_table":6,"stat.pickup.chococraft.gysahl_green_seeds":186,"stat.mineBlock.minecraft.planks":3,"stat.drop":33,"stat.killEntity.Sheep":10,"stat.pickup.minecraft.slime_ball":2,"stat.killEntity.Zombie":4,"stat.drop.zawa.dried_bamboo":2,"stat.diveOneCm":41361,"stat.drop.minecraft.wooden_pickaxe":2,"stat.pickup.minecraft.gravel":3,"stat.craftItem.minecraft.cooked_porkchop":25,"stat.pickup.minecraft.stone_axe":3,"stat.useItem.minecraft.apple":1,"stat.jump":2303,"stat.pickup.minecraft.coal":61,"stat.useItem.minecraft.stone_axe":88,"stat.pickup.iceandfire.chared_stone":1,"stat.craftItem.minecraft.torch":4,"stat.pickup.minecraft.dirt":47,"stat.pickup.minecraft.iron_ore":17,"stat.boatOneCm":148575,"stat.useItem.minecraft.sapling":1,"stat.pickup.minecraft.leather":4,"stat.damageTaken":4277,"stat.mineBlock.minecraft.furnace":11,"stat.mineBlock.minecraft.torch":5,"stat.mineBlock.minecraft.melon_block":2,"stat.useItem.minecraft.wooden_pickaxe":52,"stat.pickup.minecraft.reeds":45,"stat.pickup.minecraft.bed":1,"stat.drop.chococraft.lovely_gysahl_green":11,"stat.pickup.minecraft.oak_stairs":1,"stat.entityKilledBy.Zombie":1,"stat.damageDealt":6298,"stat.sleepInBed":1,"stat.pickup.chococraft.gysahl_green":67,"stat.killEntity.Cow":2,"stat.useItem.minecraft.crafting_table":8,"stat.killEntity.Pig":15,"stat.craftItem.minecraft.stone_slab":6,"stat.craftItem.minecraft.stone_shovel":1,"stat.pickup.minecraft.boat":6,"stat.walkOneCm":223490,"stat.pickup.minecraft.stick":1,"stat.entityKilledBy.grimoireofgaia.banshee":1,"stat.pickup.openblocks.info_book":1,"stat.pickup.minecraft.stone":28,"stat.drop.chococraft.gysahl_green_seeds":111,"stat.killEntity.Skeleton":4,"stat.killEntity.Chicken":4,"stat.killEntity.Spider":3,"stat.mobKills":48,"stat.useItem.minecraft.boat":7,"stat.mineBlock.minecraft.leaves":40,"stat.mineBlock.wings.fairy_dust_ore":12,"stat.pickup.minecraft.torch":5,"stat.drop.minecraft.stone_axe":2,"stat.pickup.evilcraft.werewolf_flesh":1,"stat.drop.zawa.care_guide":1,"stat.mineBlock.minecraft.stone":145}