{"stat.chestOpened":12,"stat.entityKilledBy.grimoireofgaia.spriggan":1,"stat.leaveGame":7,"stat.killEntity.grimoireofgaia.cyan_flower":7,"stat.mineBlock.minecraft.yellow_flower":1,"stat.pickup.jurassicraft.crickets":4,"stat.useItem.minecraft.mutton":10,"stat.swimOneCm":31850,"stat.jump":1178,"stat.fallOneCm":31529,"stat.climbOneCm":665,"stat.useItem.minecraft.planks":2,"stat.crouchOneCm":4323,"stat.mineBlock.minecraft.chest":2,"stat.entityKilledBy.grimoireofgaia.werecat":1,"stat.craftItem.minecraft.chest":2,"stat.pickup.minecraft.dirt":64,"stat.useItem.minecraft.dirt":22,"stat.useItem.chococraft.gysahl_green":10,"stat.useItem.minecraft.stone_slab2":14,"stat.craftingTableInteraction":6,"stat.drop.evilcraft.werewolf_flesh":1,"stat.useItem.minecraft.egg":2,"stat.pickup.minecraft.wooden_pickaxe":1,"stat.damageTaken":2302,"stat.mineBlock.minecraft.torch":1,"stat.useItem.minecraft.wooden_pickaxe":2,"stat.pickup.minecraft.cobblestone":2,"stat.craftItem.minecraft.wooden_sword":1,"stat.pickup.minecraft.planks":172,"stat.flyOneCm":172705,"stat.entityKilledBy.firedragon":2,"stat.drop.jurassicraft.crickets":1,"stat.drop.chococraft.lovely_gysahl_green":2,"stat.pickup.minecraft.oak_stairs":16,"stat.damageDealt":1213,"stat.mineBlock.openblocks.grave":5,"stat.sleepInBed":2,"stat.timeSinceDeath":7371,"stat.pickup.chococraft.gysahl_green":10,"stat.pickup.chococraft.lovely_gysahl_green":6,"stat.mineBlock.minecraft.dirt":12,"stat.craftItem.minecraft.wooden_pickaxe":1,"stat.pickup.minecraft.mutton":22,"stat.walkOneCm":157574,"stat.craftItem.minecraft.bed":2,"stat.useItem.minecraft.chest":1,"stat.pickup.minecraft.stick":3,"stat.pickup.minecraft.wooden_axe":1,"stat.useItem.minecraft.oak_stairs":1,"stat.craftItem.minecraft.crafting_table":1,"stat.furnaceInteraction":2,"stat.drop.openblocks.info_book":2,"stat.drop.minecraft.red_flower":6,"stat.pickup.minecraft.log":24,"stat.drop.zawa.blubber":2,"stat.pickup.openblocks.info_book":4,"stat.useItem.minecraft.cooked_mutton":3,"stat.entityKilledBy.Skeleton":1,"stat.mineBlock.minecraft.wool":1,"stat.pickup.zawa.blubber":2,"stat.pickup.minecraft.sapling":1,"stat.sprintOneCm":205032,"stat.pickup.minecraft.wooden_door":1,"stat.useItem.zawa.cetacean_meat_raw":1,"stat.craftItem.minecraft.stick":8,"stat.craftItem.minecraft.wooden_axe":1,"stat.drop.chococraft.gysahl_green_seeds":2,"stat.killEntity.Skeleton":1,"stat.craftItem.minecraft.planks":88,"stat.mobKills":15,"stat.mineBlock.minecraft.log":22,"stat.pickup.chococraft.gysahl_green_seeds":71,"stat.deaths":7,"stat.drop":20,"stat.mineBlock.minecraft.leaves":52,"stat.pickup.minecraft.egg":2,"stat.playOneMinute":83473,"stat.useItem.minecraft.wooden_sword":1,"stat.pickup.minecraft.torch":4,"stat.killEntity.Sheep":7,"stat.pickup.minecraft.red_flower":7,"stat.sneakTime":1112,"stat.pickup.minecraft.wool":11,"stat.pickup.evilcraft.werewolf_flesh":2,"stat.pickup.zawa.care_guide":7,"stat.pickup.zawa.cetacean_meat_raw":1,"stat.drop.minecraft.yellow_flower":1,"stat.useItem.minecraft.wooden_axe":6,"stat.pickup.minecraft.yellow_flower":1,"stat.drop.zawa.care_guide":3,"stat.mineBlock.minecraft.stone":1,"stat.mineBlock.minecraft.tallgrass":2,"stat.diveOneCm":27830,"stat.pickup.minecraft.cooked_mutton":3,"stat.pickup.minecraft.chest":4}