{"stat.pickup.minecraft.bone":3,"stat.entityKilledBy.grimoireofgaia.spriggan":4,"stat.leaveGame":8,"stat.pickup.minecraft.flint":2,"stat.mineBlock.minecraft.yellow_flower":3,"stat.craftItem.botania.petal":2,"stat.pickup.jurassicraft.crickets":258,"stat.useItem.minecraft.mutton":19,"stat.swimOneCm":152266,"stat.pickup.zawa.worm":6,"stat.climbOneCm":1860,"stat.useItem.minecraft.planks":3,"stat.useItem.minecraft.dirt":233,"stat.useItem.chococraft.gysahl_green":10,"stat.useItem.minecraft.stone_slab2":58,"stat.pickup.minecraft.rotten_flesh":7,"stat.pickup.minecraft.sand":70,"stat.drop.evilcraft.werewolf_flesh":1,"stat.useItem.minecraft.egg":5,"stat.pickup.iceandfire.chain_link":16,"stat.craftItem.minecraft.cooked_beef":2,"stat.useItem.botania.flower":3,"stat.pickup.minecraft.shears":7,"stat.pickup.minecraft.cobblestone":12,"stat.useItem.minecraft.stone_shovel":262,"stat.flyOneCm":868312,"stat.craftItem.minecraft.iron_shovel":5,"stat.entityKilledBy.firedragon":3,"stat.mineBlock.minecraft.sand":38,"stat.pickup.iceandfire.ash":4,"stat.pickup.minecraft.fish":1,"stat.useItem.minecraft.cooked_beef":4,"stat.mineBlock.openblocks.grave":23,"stat.timeSinceDeath":18599,"stat.pickup.chococraft.lovely_gysahl_green":12,"stat.craftItem.minecraft.wooden_pickaxe":1,"stat.pickup.minecraft.mutton":33,"stat.useItem.minecraft.iron_shovel":1251,"stat.pickup.minecraft.double_plant":2,"stat.useItem.iceandfire.ash":1,"stat.craftItem.minecraft.bed":3,"stat.useItem.minecraft.potato":1,"stat.pickup.minecraft.wooden_axe":22,"stat.pickup.zawa.golden_sparks":1,"stat.useItem.minecraft.oak_stairs":5,"stat.furnaceInteraction":6,"stat.mineBlock.botania.flower":8,"stat.pickup.minecraft.iron_shovel":5,"stat.entityKilledBy.grimoireofgaia.dryad":1,"stat.killEntity.Creeper":3,"stat.drop.openblocks.info_book":2,"stat.drop.minecraft.red_flower":7,"stat.pickup.iceandfire.manuscript":4,"stat.pickup.minecraft.beef":10,"stat.useItem.minecraft.cooked_mutton":3,"stat.pickup.zawa.large_meat_raw":4,"stat.entityKilledBy.Skeleton":3,"stat.craftItem.minecraft.stone_slab2":0,"stat.pickup.botania.petal":4,"stat.pickup.zawa.blubber":2,"stat.sprintOneCm":757389,"stat.useItem.zawa.cetacean_meat_raw":6,"stat.craftItem.minecraft.stick":52,"stat.craftItem.minecraft.wooden_axe":10,"stat.mineBlock.iceandfire.ash":2,"stat.useItem.minecraft.flint_and_steel":28,"stat.useItem.minecraft.wooden_shovel":359,"stat.pickup.chococraft.gysahl_green_seeds":94,"stat.entityKilledBy.Creeper":1,"stat.pickup.botania.flower":12,"stat.useItem.minecraft.beef":4,"stat.deaths":31,"stat.mineBlock.minecraft.planks":12,"stat.drop":47,"stat.pickup.minecraft.egg":5,"stat.playOneMinute":297439,"stat.useItem.minecraft.wooden_sword":1,"stat.craftItem.minecraft.wooden_shovel":6,"stat.killEntity.Sheep":12,"stat.killEntity.Zombie":4,"stat.pickup.zawa.care_guide":13,"stat.pickup.zawa.cetacean_meat_raw":6,"stat.mineBlock.minecraft.tallgrass":183,"stat.diveOneCm":93325,"stat.pickup.minecraft.cooked_mutton":3,"stat.chestOpened":59,"stat.pickup.minecraft.gravel":36,"stat.pickup.minecraft.arrow":2,"stat.killEntity.grimoireofgaia.cyan_flower":10,"stat.useItem.minecraft.apple":10,"stat.pickup.minecraft.obsidian":30,"stat.pickup.minecraft.gold_nugget":38,"stat.jump":5347,"stat.useItem.minecraft.sand":5,"stat.fallOneCm":125836,"stat.pickup.minecraft.iron_ingot":26,"stat.pickup.minecraft.gunpowder":3,"stat.crouchOneCm":7750,"stat.mineBlock.minecraft.chest":2,"stat.pickup.minecraft.spider_eye":2,"stat.entityKilledBy.grimoireofgaia.werecat":14,"stat.craftItem.minecraft.chest":4,"stat.craftItem.minecraft.iron_ingot":1,"stat.pickup.minecraft.dirt":3170,"stat.craftingTableInteraction":32,"stat.pickup.minecraft.stone_shovel":1,"stat.useItem.minecraft.sapling":2,"stat.craftItem.minecraft.flint_and_steel":1,"stat.pickup.zawa.raw_cichlid":1,"stat.pickup.minecraft.wooden_pickaxe":4,"stat.drop.minecraft.double_plant":1,"stat.damageTaken":8712,"stat.pickup.minecraft.leather":3,"stat.mineBlock.minecraft.torch":18,"stat.useItem.minecraft.wooden_pickaxe":30,"stat.craftItem.minecraft.wooden_sword":1,"stat.pickup.minecraft.planks":766,"stat.pickup.minecraft.iron_leggings":13,"stat.pickup.minecraft.bed":1,"stat.drop.jurassicraft.crickets":3,"stat.pickup.minecraft.wheat_seeds":5,"stat.pickup.minecraft.potato":1,"stat.drop.chococraft.lovely_gysahl_green":6,"stat.pickup.minecraft.oak_stairs":56,"stat.mineBlock.minecraft.gravel":38,"stat.damageDealt":6923,"stat.sleepInBed":4,"stat.pickup.chococraft.gysahl_green":22,"stat.killEntity.Cow":3,"stat.mineBlock.minecraft.dirt":1826,"stat.drop.botania.petal":2,"stat.craftItem.minecraft.stone_shovel":2,"stat.walkOneCm":1029766,"stat.useItem.minecraft.torch":15,"stat.useItem.minecraft.chest":3,"stat.pickup.minecraft.stick":36,"stat.pickup.minecraft.iron_nugget":13,"stat.drop.minecraft.rotten_flesh":3,"stat.killEntity.grimoireofgaia.werecat":3,"stat.craftItem.minecraft.crafting_table":2,"stat.pickup.minecraft.log":584,"stat.mineBlock.zawa.golden_sparks":1,"stat.useItem.zawa.raw_cichlid":1,"stat.drop.zawa.blubber":2,"stat.pickup.openblocks.info_book":5,"stat.pickup.minecraft.tallgrass":136,"stat.drop.minecraft.sapling":1,"stat.mineBlock.minecraft.wool":1,"stat.drop.minecraft.gold_nugget":11,"stat.pickup.minecraft.sapling":183,"stat.pickup.minecraft.wooden_door":1,"stat.useItem.minecraft.tallgrass":22,"stat.pickup.minecraft.apple":15,"stat.pickup.minecraft.cooked_beef":2,"stat.drop.chococraft.gysahl_green_seeds":2,"stat.killEntity.Skeleton":1,"stat.craftItem.minecraft.planks":256,"stat.killEntity.Spider":1,"stat.mobKills":40,"stat.mineBlock.minecraft.log":325,"stat.craftItem.minecraft.shears":1,"stat.mineBlock.minecraft.leaves":104,"stat.pickup.minecraft.torch":51,"stat.pickup.minecraft.red_flower":12,"stat.sneakTime":2777,"stat.pickup.minecraft.wool":30,"stat.drop.minecraft.beef":2,"stat.pickup.evilcraft.werewolf_flesh":11,"stat.drop.minecraft.yellow_flower":1,"stat.useItem.minecraft.wooden_axe":466,"stat.pickup.minecraft.yellow_flower":3,"stat.drop.zawa.care_guide":3,"stat.mineBlock.minecraft.stone":1,"stat.pickup.minecraft.chest":14}