{"stat.chestOpened":8,"stat.entityKilledBy.grimoireofgaia.spriggan":1,"stat.leaveGame":6,"stat.killEntity.grimoireofgaia.cyan_flower":7,"stat.mineBlock.minecraft.yellow_flower":1,"stat.pickup.jurassicraft.crickets":4,"stat.useItem.minecraft.mutton":10,"stat.swimOneCm":24990,"stat.jump":823,"stat.fallOneCm":19479,"stat.climbOneCm":463,"stat.useItem.minecraft.planks":2,"stat.crouchOneCm":3691,"stat.entityKilledBy.grimoireofgaia.werecat":1,"stat.craftItem.minecraft.chest":2,"stat.pickup.minecraft.dirt":59,"stat.useItem.minecraft.dirt":22,"stat.useItem.chococraft.gysahl_green":10,"stat.useItem.minecraft.stone_slab2":11,"stat.craftingTableInteraction":6,"stat.drop.evilcraft.werewolf_flesh":1,"stat.useItem.minecraft.egg":2,"stat.damageTaken":1812,"stat.craftItem.minecraft.wooden_sword":1,"stat.pickup.minecraft.planks":93,"stat.flyOneCm":121143,"stat.entityKilledBy.firedragon":2,"stat.drop.jurassicraft.crickets":1,"stat.drop.chococraft.lovely_gysahl_green":2,"stat.damageDealt":1203,"stat.mineBlock.openblocks.grave":3,"stat.sleepInBed":2,"stat.timeSinceDeath":0,"stat.pickup.chococraft.gysahl_green":10,"stat.pickup.chococraft.lovely_gysahl_green":6,"stat.mineBlock.minecraft.dirt":7,"stat.craftItem.minecraft.wooden_pickaxe":1,"stat.pickup.minecraft.mutton":22,"stat.walkOneCm":121979,"stat.craftItem.minecraft.bed":2,"stat.useItem.minecraft.chest":1,"stat.craftItem.minecraft.crafting_table":1,"stat.furnaceInteraction":1,"stat.drop.openblocks.info_book":2,"stat.drop.minecraft.red_flower":6,"stat.pickup.minecraft.log":22,"stat.drop.zawa.blubber":2,"stat.pickup.openblocks.info_book":4,"stat.useItem.minecraft.cooked_mutton":2,"stat.mineBlock.minecraft.wool":1,"stat.pickup.zawa.blubber":2,"stat.sprintOneCm":154092,"stat.pickup.minecraft.wooden_door":1,"stat.useItem.zawa.cetacean_meat_raw":1,"stat.craftItem.minecraft.stick":8,"stat.craftItem.minecraft.wooden_axe":1,"stat.drop.chococraft.gysahl_green_seeds":2,"stat.killEntity.Skeleton":1,"stat.craftItem.minecraft.planks":88,"stat.mobKills":15,"stat.mineBlock.minecraft.log":22,"stat.pickup.chococraft.gysahl_green_seeds":71,"stat.deaths":6,"stat.drop":19,"stat.mineBlock.minecraft.leaves":45,"stat.pickup.minecraft.egg":2,"stat.playOneMinute":65039,"stat.useItem.minecraft.wooden_sword":1,"stat.pickup.minecraft.torch":1,"stat.killEntity.Sheep":7,"stat.pickup.minecraft.red_flower":7,"stat.sneakTime":957,"stat.pickup.minecraft.wool":11,"stat.pickup.evilcraft.werewolf_flesh":1,"stat.pickup.zawa.care_guide":6,"stat.pickup.zawa.cetacean_meat_raw":1,"stat.drop.minecraft.yellow_flower":1,"stat.pickup.minecraft.yellow_flower":1,"stat.drop.zawa.care_guide":2,"stat.mineBlock.minecraft.tallgrass":2,"stat.diveOneCm":20208,"stat.pickup.minecraft.cooked_mutton":3}