{"stat.entityKilledBy.grimoireofgaia.spriggan":7,"stat.leaveGame":9,"stat.craftItem.minecraft.iron_axe":2,"stat.drop.minecraft.shield":1,"stat.pickup.jurassicraft.crickets":480,"stat.useItem.minecraft.mutton":19,"stat.pickup.zawa.worm":19,"stat.useItem.minecraft.planks":16,"stat.mineBlock.zawa.pyropia":1,"stat.useItem.minecraft.water_bucket":28,"stat.pickup.minecraft.rotten_flesh":8,"stat.pickup.minecraft.sand":134,"stat.craftItem.minecraft.stone_axe":1,"stat.pickup.minecraft.bucket":6,"stat.useItem.botania.flower":3,"stat.craftItem.minecraft.iron_shovel":5,"stat.entityKilledBy.firedragon":3,"stat.mineBlock.minecraft.sand":38,"stat.pickup.iceandfire.ash":4,"stat.craftItem.minecraft.wooden_hoe":10,"stat.mineBlock.openblocks.grave":38,"stat.craftItem.minecraft.wooden_pickaxe":3,"stat.useItem.minecraft.iron_shovel":1251,"stat.pickup.minecraft.double_plant":13,"stat.craftItem.minecraft.bed":3,"stat.pickup.zawa.golden_sparks":3,"stat.useItem.minecraft.oak_stairs":18,"stat.furnaceInteraction":11,"stat.mineBlock.botania.flower":18,"stat.drop.openblocks.info_book":2,"stat.drop.minecraft.red_flower":8,"stat.pickup.iceandfire.manuscript":4,"stat.pickup.minecraft.beef":10,"stat.useItem.minecraft.cooked_mutton":3,"stat.pickup.zawa.large_meat_raw":13,"stat.pickup.minecraft.furnace":8,"stat.useItem.minecraft.fence":14,"stat.mineBlock.iceandfire.ash":2,"stat.useItem.chococraft.gysahl_green_seeds":41,"stat.useItem.minecraft.flint_and_steel":28,"stat.mineBlock.minecraft.fence":15,"stat.useItem.minecraft.wheat_seeds":74,"stat.useItem.minecraft.dye":5,"stat.useItem.minecraft.beef":4,"stat.mineBlock.minecraft.oak_stairs":14,"stat.deaths":52,"stat.mineBlock.iceandfire.chared_gravel":4,"stat.pickup.minecraft.egg":5,"stat.playOneMinute":471653,"stat.craftItem.minecraft.wooden_shovel":6,"stat.pickup.zawa.care_guide":14,"stat.pickup.zawa.cetacean_meat_raw":7,"stat.drop.minecraft.glass_bottle":4,"stat.mineBlock.minecraft.tallgrass":706,"stat.pickup.minecraft.cooked_mutton":3,"stat.pickup.iceandfire.sea_serpent_scales_blue":24,"stat.chestOpened":135,"stat.craftItem.minecraft.sign":6,"stat.useItem.minecraft.stone":6,"stat.pickup.minecraft.arrow":10,"stat.killEntity.grimoireofgaia.cyan_flower":12,"stat.killEntity.grimoireofgaia.cecaelia":1,"stat.pickup.minecraft.gold_nugget":53,"stat.craftItem.minecraft.iron_hoe":3,"stat.fallOneCm":143125,"stat.crouchOneCm":13693,"stat.useItem.iceandfire.chared_gravel":2,"stat.mineBlock.minecraft.chest":6,"stat.entityKilledBy.grimoireofgaia.werecat":14,"stat.craftItem.minecraft.chest":5,"stat.craftItem.minecraft.iron_ingot":66,"stat.useItem.minecraft.iron_hoe":750,"stat.craftingTableInteraction":69,"stat.pickup.zawa.raw_cichlid":2,"stat.pickup.minecraft.wooden_pickaxe":17,"stat.drop.minecraft.double_plant":7,"stat.craftItem.minecraft.wooden_sword":1,"stat.pickup.minecraft.planks":1664,"stat.pickup.minecraft.iron_leggings":27,"stat.pickup.chisel.limestone2":10,"stat.entityKilledBy.grimoireofgaia.bee":1,"stat.drop.jurassicraft.crickets":15,"stat.pickup.minecraft.wheat_seeds":136,"stat.mineBlock.minecraft.gravel":46,"stat.useItem.minecraft.stone_pickaxe":141,"stat.mineBlock.minecraft.dirt":1894,"stat.pickup.minecraft.flint_and_steel":1,"stat.useItem.minecraft.torch":29,"stat.pickup.minecraft.iron_nugget":50,"stat.drop.botania.flower":4,"stat.drop.minecraft.rotten_flesh":4,"stat.pickup.minecraft.crafting_table":2,"stat.useItem.minecraft.log":24,"stat.useItem.minecraft.cobblestone":22,"stat.craftItem.minecraft.crafting_table":2,"stat.useItem.minecraft.gravel":26,"stat.mineBlock.minecraft.double_plant":6,"stat.pickup.minecraft.iron_hoe":5,"stat.pickup.minecraft.log":1553,"stat.useItem.zawa.raw_cichlid":2,"stat.drop.zawa.blubber":2,"stat.pickup.minecraft.tallgrass":258,"stat.drop.minecraft.sapling":7,"stat.drop.minecraft.gold_nugget":11,"stat.pickup.minecraft.sapling":332,"stat.pickup.minecraft.wooden_door":29,"stat.useItem.minecraft.tallgrass":172,"stat.entityKilledBy.Enderman":1,"stat.drop.wolfarmor.gold_wolf_armor":1,"stat.pickup.minecraft.apple":15,"stat.craftItem.minecraft.bucket":1,"stat.craftItem.minecraft.planks":956,"stat.mineBlock.minecraft.log":364,"stat.pickup.minecraft.red_flower":16,"stat.sneakTime":5154,"stat.pickup.minecraft.wool":32,"stat.drop.minecraft.yellow_flower":1,"stat.useItem.minecraft.wooden_axe":501,"stat.pickup.minecraft.yellow_flower":11,"stat.pickup.minecraft.chest":19,"stat.pickup.minecraft.bone":5,"stat.useItem.minecraft.iron_axe":6,"stat.mineBlock.minecraft.cobblestone":129,"stat.pickup.minecraft.stone_pickaxe":10,"stat.pickup.minecraft.flint":7,"stat.mineBlock.minecraft.yellow_flower":10,"stat.entityKilledBy.grimoireofgaia.cecaelia":3,"stat.craftItem.botania.petal":2,"stat.drop.grimoireofgaia.misc_pearl":1,"stat.swimOneCm":239480,"stat.climbOneCm":2112,"stat.drop.minecraft.cobblestone":9,"stat.useItem.minecraft.obsidian":5,"stat.useItem.minecraft.dirt":440,"stat.useItem.chococraft.gysahl_green":34,"stat.useItem.minecraft.stone_slab2":122,"stat.drop.evilcraft.werewolf_flesh":3,"stat.useItem.minecraft.egg":5,"stat.pickup.iceandfire.chain_link":16,"stat.craftItem.minecraft.stone_pickaxe":2,"stat.craftItem.minecraft.cooked_beef":2,"stat.pickup.minecraft.shears":17,"stat.pickup.minecraft.cobblestone":1067,"stat.useItem.minecraft.stone_shovel":262,"stat.mineBlock.chisel.limestone2":2,"stat.flyOneCm":1383731,"stat.pickup.minecraft.glass_bottle":4,"stat.useItem.chisel.limestone2":1,"stat.pickup.minecraft.fish":4,"stat.useItem.minecraft.cooked_beef":4,"stat.mineBlock.minecraft.iron_ore":28,"stat.timeSinceDeath":31909,"stat.pickup.chococraft.lovely_gysahl_green":20,"stat.useItem.minecraft.sign":5,"stat.pickup.minecraft.mutton":33,"stat.pickup.minecraft.mossy_cobblestone":7,"stat.useItem.iceandfire.ash":1,"stat.useItem.minecraft.potato":1,"stat.pickup.minecraft.wooden_axe":31,"stat.drop.minecraft.dirt":3,"stat.pickup.minecraft.iron_shovel":5,"stat.entityKilledBy.grimoireofgaia.dryad":2,"stat.killEntity.Creeper":3,"stat.pickup.minecraft.shield":1,"stat.pickup.iceandfire.sea_serpent_fang":10,"stat.entityKilledBy.Skeleton":3,"stat.pickup.grimoireofgaia.food_root":29,"stat.craftItem.minecraft.stone_slab2":0,"stat.pickup.botania.petal":8,"stat.pickup.zawa.blubber":17,"stat.sprintOneCm":1153250,"stat.useItem.zawa.cetacean_meat_raw":7,"stat.craftItem.minecraft.stick":100,"stat.craftItem.minecraft.wooden_axe":11,"stat.mineBlock.minecraft.crafting_table":2,"stat.useItem.minecraft.wooden_shovel":359,"stat.pickup.chococraft.gysahl_green_seeds":223,"stat.entityKilledBy.Creeper":1,"stat.pickup.botania.flower":22,"stat.mineBlock.minecraft.planks":49,"stat.drop":88,"stat.pickup.grimoireofgaia.misc_pearl":2,"stat.useItem.minecraft.wooden_sword":1,"stat.killEntity.Sheep":12,"stat.killEntity.Zombie":7,"stat.craftItem.minecraft.dye":6,"stat.diveOneCm":174117,"stat.pickup.minecraft.wheat":16,"stat.mineBlock.minecraft.mossy_cobblestone":7,"stat.entityKilledBy.seaserpent":10,"stat.pickup.minecraft.sign":1,"stat.pickup.minecraft.gravel":91,"stat.pickup.minecraft.stone_axe":4,"stat.useItem.minecraft.apple":10,"stat.pickup.minecraft.obsidian":60,"stat.jump":7288,"stat.useItem.minecraft.sand":5,"stat.pickup.minecraft.fence":48,"stat.useItem.minecraft.wooden_hoe":590,"stat.pickup.minecraft.coal":28,"stat.pickup.minecraft.iron_ingot":42,"stat.useItem.minecraft.stone_axe":258,"stat.pickup.iceandfire.chared_gravel":22,"stat.pickup.minecraft.gunpowder":6,"stat.craftItem.minecraft.bread":4,"stat.pickup.minecraft.spider_eye":2,"stat.pickup.minecraft.dirt":8154,"stat.pickup.minecraft.iron_ore":28,"stat.pickup.minecraft.stone_shovel":1,"stat.useItem.minecraft.sapling":26,"stat.craftItem.minecraft.flint_and_steel":1,"stat.pickup.minecraft.iron_axe":10,"stat.mineBlock.minecraft.glass_pane":4,"stat.drop.zawa.worm":1,"stat.damageTaken":13964,"stat.pickup.minecraft.leather":9,"stat.mineBlock.minecraft.torch":26,"stat.mineBlock.minecraft.furnace":1,"stat.useItem.minecraft.wooden_pickaxe":93,"stat.mineBlock.minecraft.sapling":4,"stat.pickup.minecraft.bed":2,"stat.pickup.minecraft.potato":1,"stat.killEntity.grimoireofgaia.spriggan":2,"stat.drop.chococraft.lovely_gysahl_green":8,"stat.pickup.minecraft.oak_stairs":127,"stat.damageDealt":13892,"stat.sleepInBed":16,"stat.pickup.chococraft.gysahl_green":64,"stat.killEntity.Cow":3,"stat.useItem.minecraft.crafting_table":1,"stat.drop.botania.petal":2,"stat.craftItem.minecraft.stone_shovel":2,"stat.walkOneCm":1700032,"stat.useItem.minecraft.chest":6,"stat.pickup.minecraft.stick":52,"stat.killEntity.grimoireofgaia.werecat":3,"stat.pickup.grimoireofgaia.food_honey":12,"stat.pickup.wings.evil_wings":6,"stat.mineBlock.zawa.golden_sparks":1,"stat.pickup.wolfarmor.gold_wolf_armor":1,"stat.pickup.openblocks.info_book":5,"stat.pickup.minecraft.stone":9,"stat.mineBlock.minecraft.wool":1,"stat.pickup.minecraft.cooked_beef":2,"stat.drop.chococraft.gysahl_green_seeds":2,"stat.killEntity.Skeleton":1,"stat.killEntity.Spider":1,"stat.mobKills":52,"stat.craftItem.minecraft.shears":1,"stat.craftItem.minecraft.fence":3,"stat.useItem.minecraft.mossy_cobblestone":5,"stat.mineBlock.minecraft.leaves":106,"stat.pickup.minecraft.torch":118,"stat.killEntity.grimoireofgaia.bee":1,"stat.craftItem.minecraft.coal_block":2,"stat.drop.minecraft.beef":2,"stat.pickup.evilcraft.werewolf_flesh":16,"stat.killEntity.firedragon":1,"stat.drop.zawa.care_guide":4,"stat.mineBlock.minecraft.stone":16}