{"stat.entityKilledBy.grimoireofgaia.spriggan":1,"stat.leaveGame":7,"stat.pickup.evilcraft.condensed_blood":14,"stat.pickup.jurassicraft.crickets":6,"stat.pickup.zawa.worm":3,"stat.useItem.minecraft.planks":5,"stat.pickup.minecraft.rotten_flesh":12,"stat.craftItem.minecraft.stone_axe":1,"stat.entityKilledBy.firedragon":1,"stat.pickup.iceandfire.ash":12,"stat.mineBlock.openblocks.grave":11,"stat.craftItem.iceandfire.silver_ingot":2,"stat.pickup.iceandfire.silver_ingot":8,"stat.useItem.minecraft.iron_pickaxe":496,"stat.craftItem.minecraft.wooden_pickaxe":2,"stat.drop.minecraft.cooked_mutton":3,"stat.craftItem.minecraft.bed":1,"stat.mineBlock.chisel.marble2":15,"stat.furnaceInteraction":37,"stat.drop.wings.fairy_dust":15,"stat.pickup.iceandfire.manuscript":16,"stat.pickup.minecraft.beef":6,"stat.useItem.minecraft.cooked_mutton":9,"stat.pickup.minecraft.furnace":4,"stat.pickup.mca.rose_gold_ore":7,"stat.mineBlock.jurassicraft.gypsum_stone":15,"stat.mineBlock.iceandfire.ash":3,"stat.mineBlock.jurassicraft.amber_ore":1,"stat.pickup.minecraft.emerald":4,"stat.deaths":12,"stat.pickup.minecraft.egg":9,"stat.playOneMinute":168763,"stat.craftItem.minecraft.iron_pickaxe":2,"stat.pickup.zawa.care_guide":15,"stat.pickup.zawa.cetacean_meat_raw":17,"stat.pickup.chisel.marble2":15,"stat.craftItem.minecraft.cooked_mutton":12,"stat.mineBlock.minecraft.tallgrass":3,"stat.pickup.minecraft.cooked_mutton":28,"stat.chestOpened":11,"stat.pickup.botania.mushroom":10,"stat.useItem.minecraft.stone":24,"stat.pickup.minecraft.arrow":31,"stat.killEntity.grimoireofgaia.cecaelia":1,"stat.craftItem.minecraft.coal":4,"stat.mineBlock.botania.mushroom":5,"stat.fallOneCm":39160,"stat.drop.minecraft.stone":16,"stat.pickup.chisel.basalt2":1,"stat.crouchOneCm":57637,"stat.mineBlock.minecraft.chest":2,"stat.entityKilledBy.grimoireofgaia.werecat":1,"stat.craftItem.minecraft.iron_ingot":50,"stat.craftItem.minecraft.chest":1,"stat.craftingTableInteraction":26,"stat.pickup.jurassicraft.gypsum_powder":320,"stat.pickup.iceandfire.silver_ore":12,"stat.pickup.minecraft.wooden_pickaxe":12,"stat.useItem.chisel.marble2":2,"stat.pickup.minecraft.feather":4,"stat.drop.minecraft.bone":1,"stat.useItem.minecraft.furnace":1,"stat.craftItem.mca.rose_gold_ingot":7,"stat.craftItem.minecraft.wooden_sword":1,"stat.pickup.minecraft.dye":120,"stat.pickup.minecraft.planks":12,"stat.pickup.chisel.limestone2":8,"stat.entityKilledBy.grimoireofgaia.bee":1,"stat.mineBlock.minecraft.gravel":8,"stat.useItem.minecraft.stone_pickaxe":131,"stat.craftItem.minecraft.iron_leggings":1,"stat.useItem.minecraft.wool":3,"stat.mineBlock.minecraft.dirt":55,"stat.useItem.minecraft.torch":13,"stat.useItem.minecraft.bread":3,"stat.pickup.minecraft.golden_apple":1,"stat.pickup.minecraft.iron_nugget":14,"stat.mineBlock.iceandfire.silver_ore":5,"stat.pickup.minecraft.crafting_table":7,"stat.useItem.minecraft.cobblestone":207,"stat.craftItem.minecraft.crafting_table":3,"stat.mineBlock.minecraft.emerald_ore":4,"stat.pickup.minecraft.log":271,"stat.pickup.minecraft.iron_pickaxe":3,"stat.craftItem.minecraft.gold_ingot":8,"stat.pickup.mca.rose_gold_ingot":28,"stat.pickup.minecraft.chicken":16,"stat.pickup.minecraft.sapling":22,"stat.craftItem.minecraft.planks":56,"stat.mineBlock.minecraft.log":74,"stat.sneakTime":21408,"stat.pickup.minecraft.wool":45,"stat.drop.botania.mushroom":2,"stat.pickup.minecraft.chest":2,"stat.craftItem.minecraft.diamond_chestplate":1,"stat.pickup.minecraft.bone":10,"stat.mineBlock.minecraft.cobblestone":25,"stat.killEntity.grimoireofgaia.dryad":4,"stat.pickup.minecraft.stone_pickaxe":3,"stat.pickup.minecraft.flint":3,"stat.entityKilledBy.grimoireofgaia.cecaelia":1,"stat.drop.grimoireofgaia.misc_pearl":1,"stat.useItem.minecraft.diamond_sword":28,"stat.drop.minecraft.iron_nugget":7,"stat.swimOneCm":63041,"stat.drop.minecraft.cobblestone":102,"stat.pickup.jurassicraft.amber":1,"stat.mineBlock.evilcraft.dark_ore":3,"stat.useItem.minecraft.dirt":8,"stat.pickup.wings.fairy_dust":72,"stat.useItem.minecraft.stone_slab2":44,"stat.craftItem.minecraft.furnace":3,"stat.useItem.minecraft.egg":1,"stat.craftItem.minecraft.iron_boots":1,"stat.craftItem.minecraft.stone_pickaxe":1,"stat.craftItem.minecraft.cooked_beef":3,"stat.pickup.minecraft.cobblestone":2213,"stat.mineBlock.chisel.limestone2":8,"stat.flyOneCm":242789,"stat.useItem.minecraft.cooked_beef":3,"stat.drop.minecraft.clay_ball":1,"stat.pickup.minecraft.redstone":87,"stat.mineBlock.minecraft.iron_ore":50,"stat.timeSinceDeath":25288,"stat.pickup.chococraft.lovely_gysahl_green":12,"stat.pickup.minecraft.mutton":40,"stat.mineBlock.minecraft.coal_ore":81,"stat.drop.minecraft.wool":1,"stat.pickup.minecraft.wooden_sword":9,"stat.craftItem.minecraft.stone_slab2":0,"stat.pickup.zawa.blubber":31,"stat.sprintOneCm":430880,"stat.craftItem.minecraft.stick":24,"stat.mineBlock.minecraft.diamond_ore":15,"stat.mineBlock.minecraft.crafting_table":4,"stat.useItem.minecraft.diamond_pickaxe":941,"stat.pickup.minecraft.diamond_chestplate":2,"stat.pickup.chococraft.gysahl_green_seeds":246,"stat.mineBlock.minecraft.planks":2,"stat.drop":19,"stat.pickup.grimoireofgaia.misc_pearl":2,"stat.useItem.minecraft.wooden_sword":57,"stat.killEntity.Sheep":7,"stat.craftItem.minecraft.diamond_pickaxe":1,"stat.pickup.iceandfire.chared_dirt":9,"stat.mineBlock.minecraft.gold_ore":8,"stat.diveOneCm":21538,"stat.drop.minecraft.wooden_pickaxe":2,"stat.pickup.minecraft.gravel":3,"stat.pickup.minecraft.stone_axe":4,"stat.craftItem.minecraft.diamond_sword":1,"stat.jump":2420,"stat.pickup.minecraft.coal":149,"stat.pickup.minecraft.iron_ingot":12,"stat.useItem.minecraft.stone_axe":71,"stat.pickup.minecraft.spider_eye":2,"stat.craftItem.minecraft.torch":8,"stat.pickup.minecraft.dirt":101,"stat.pickup.evilcraft.dark_gem_crushed":2,"stat.craftItem.minecraft.iron_helmet":1,"stat.mineBlock.wings.amethyst_ore":26,"stat.pickup.minecraft.iron_ore":185,"stat.mineBlock.mca.rose_gold_ore":8,"stat.pickup.minecraft.gold_ore":24,"stat.mineBlock.minecraft.lapis_ore":5,"stat.mineBlock.minecraft.glass_pane":1,"stat.damageTaken":3821,"stat.pickup.minecraft.leather":7,"stat.mineBlock.minecraft.torch":9,"stat.mineBlock.minecraft.furnace":4,"stat.useItem.minecraft.wooden_pickaxe":69,"stat.pickup.evilcraft.dark_gem":42,"stat.pickup.minecraft.bed":1,"stat.entityKilledBy.Zombie":1,"stat.damageDealt":4185,"stat.sleepInBed":1,"stat.pickup.chococraft.gysahl_green":8,"stat.killEntity.Cow":1,"stat.mineBlock.iceandfire.chared_dirt":7,"stat.walkOneCm":316481,"stat.pickup.minecraft.stick":50,"stat.pickup.minecraft.diamond_pickaxe":2,"stat.mineBlock.jurassicraft.plant_fossil_block":2,"stat.pickup.minecraft.clay_ball":2,"stat.mineBlock.chisel.basalt2":2,"stat.pickup.openblocks.info_book":3,"stat.pickup.minecraft.stone":196,"stat.mineBlock.minecraft.wool":1,"stat.pickup.minecraft.cooked_beef":3,"stat.killEntity.Skeleton":4,"stat.killEntity.Chicken":2,"stat.killEntity.Spider":1,"stat.pickup.minecraft.bread":3,"stat.mobKills":21,"stat.useItem.minecraft.golden_apple":1,"stat.pickup.minecraft.diamond":39,"stat.mineBlock.minecraft.leaves":26,"stat.mineBlock.wings.fairy_dust_ore":16,"stat.pickup.minecraft.torch":25,"stat.mineBlock.minecraft.redstone_ore":19,"stat.pickup.wings.amethyst":97,"stat.drop.minecraft.stone_axe":1,"stat.pickup.evilcraft.werewolf_flesh":11,"stat.mineBlock.minecraft.stone":1240}