{"stat.entityKilledBy.grimoireofgaia.spriggan":1,"stat.leaveGame":3,"stat.pickup.minecraft.arrow":6,"stat.mineBlock.minecraft.cobblestone":8,"stat.craftItem.minecraft.coal":4,"stat.pickup.jurassicraft.crickets":3,"stat.jump":312,"stat.swimOneCm":7463,"stat.fallOneCm":9776,"stat.crouchOneCm":1247,"stat.pickup.minecraft.dirt":18,"stat.useItem.minecraft.dirt":2,"stat.useItem.minecraft.stone_slab2":5,"stat.craftingTableInteraction":5,"stat.craftItem.minecraft.furnace":1,"stat.useItem.minecraft.egg":1,"stat.mineBlock.minecraft.glass_pane":1,"stat.pickup.minecraft.wooden_pickaxe":2,"stat.damageTaken":920,"stat.pickup.minecraft.leather":3,"stat.mineBlock.minecraft.torch":2,"stat.craftItem.minecraft.stone_pickaxe":1,"stat.useItem.minecraft.wooden_pickaxe":54,"stat.craftItem.minecraft.cooked_beef":3,"stat.pickup.minecraft.cobblestone":32,"stat.craftItem.minecraft.wooden_sword":1,"stat.pickup.minecraft.planks":11,"stat.flyOneCm":34738,"stat.pickup.minecraft.bed":1,"stat.entityKilledBy.grimoireofgaia.bee":1,"stat.damageDealt":499,"stat.mineBlock.openblocks.grave":3,"stat.useItem.minecraft.wool":1,"stat.timeSinceDeath":7876,"stat.killEntity.Cow":1,"stat.pickup.chococraft.lovely_gysahl_green":6,"stat.mineBlock.minecraft.dirt":16,"stat.craftItem.minecraft.wooden_pickaxe":1,"stat.pickup.minecraft.mutton":8,"stat.drop.minecraft.cooked_mutton":3,"stat.walkOneCm":64120,"stat.pickup.minecraft.stick":10,"stat.craftItem.minecraft.crafting_table":1,"stat.furnaceInteraction":7,"stat.pickup.minecraft.wooden_sword":2,"stat.pickup.minecraft.log":38,"stat.pickup.minecraft.beef":6,"stat.pickup.openblocks.info_book":3,"stat.useItem.minecraft.cooked_mutton":1,"stat.craftItem.minecraft.stone_slab2":0,"stat.mineBlock.minecraft.wool":1,"stat.pickup.minecraft.sapling":4,"stat.sprintOneCm":80096,"stat.pickup.minecraft.cooked_beef":3,"stat.craftItem.minecraft.stick":8,"stat.craftItem.minecraft.planks":20,"stat.mobKills":3,"stat.mineBlock.minecraft.log":15,"stat.pickup.chococraft.gysahl_green_seeds":69,"stat.deaths":3,"stat.drop":3,"stat.mineBlock.minecraft.leaves":10,"stat.pickup.minecraft.egg":1,"stat.playOneMinute":29298,"stat.useItem.minecraft.wooden_sword":6,"stat.pickup.minecraft.torch":1,"stat.killEntity.Sheep":2,"stat.sneakTime":848,"stat.pickup.minecraft.wool":5,"stat.pickup.evilcraft.werewolf_flesh":1,"stat.pickup.zawa.care_guide":7,"stat.mineBlock.minecraft.stone":24,"stat.craftItem.minecraft.cooked_mutton":4}