{"stat.entityKilledBy.grimoireofgaia.spriggan":1,"stat.leaveGame":10,"stat.pickup.evilcraft.condensed_blood":112,"stat.pickup.jurassicraft.crickets":6,"stat.pickup.zawa.worm":3,"stat.useItem.minecraft.planks":5,"stat.craftItem.minecraft.shield":2,"stat.pickup.minecraft.porkchop":33,"stat.pickup.minecraft.rotten_flesh":12,"stat.craftItem.minecraft.stone_axe":1,"stat.entityKilledBy.firedragon":1,"stat.pickup.iceandfire.ash":12,"stat.craftItem.wings.evil_wings":2,"stat.killEntity.Witch":1,"stat.drop.wings.evil_wings":1,"stat.mineBlock.openblocks.grave":19,"stat.craftItem.iceandfire.silver_ingot":2,"stat.pickup.iceandfire.silver_ingot":22,"stat.useItem.minecraft.iron_pickaxe":496,"stat.craftItem.minecraft.wooden_pickaxe":2,"stat.drop.minecraft.cooked_mutton":3,"stat.craftItem.minecraft.bed":1,"stat.mineBlock.chisel.marble2":15,"stat.furnaceInteraction":46,"stat.drop.wings.fairy_dust":15,"stat.pickup.iceandfire.manuscript":16,"stat.pickup.minecraft.beef":6,"stat.useItem.minecraft.cooked_mutton":9,"stat.pickup.minecraft.furnace":19,"stat.pickup.mca.rose_gold_ore":7,"stat.mineBlock.jurassicraft.gypsum_stone":15,"stat.mineBlock.iceandfire.ash":3,"stat.mineBlock.jurassicraft.amber_ore":1,"stat.pickup.minecraft.emerald":22,"stat.deaths":26,"stat.pickup.minecraft.egg":9,"stat.playOneMinute":256000,"stat.craftItem.minecraft.iron_pickaxe":2,"stat.pickup.zawa.care_guide":22,"stat.pickup.zawa.cetacean_meat_raw":21,"stat.pickup.chisel.marble2":15,"stat.craftItem.minecraft.cooked_mutton":12,"stat.mineBlock.minecraft.tallgrass":4,"stat.pickup.minecraft.cooked_mutton":28,"stat.chestOpened":28,"stat.pickup.botania.mushroom":10,"stat.useItem.minecraft.stone":24,"stat.pickup.minecraft.arrow":61,"stat.killEntity.grimoireofgaia.cecaelia":1,"stat.craftItem.minecraft.coal":4,"stat.mineBlock.botania.mushroom":5,"stat.fallOneCm":56262,"stat.drop.minecraft.stone":16,"stat.pickup.chisel.basalt2":1,"stat.crouchOneCm":75922,"stat.mineBlock.minecraft.chest":2,"stat.entityKilledBy.grimoireofgaia.werecat":1,"stat.craftItem.minecraft.iron_ingot":62,"stat.craftItem.minecraft.chest":1,"stat.useItem.zawa.cetacean_meat_cooked":6,"stat.craftingTableInteraction":35,"stat.pickup.jurassicraft.gypsum_powder":768,"stat.pickup.iceandfire.silver_ore":24,"stat.pickup.minecraft.wooden_pickaxe":12,"stat.useItem.chisel.marble2":2,"stat.pickup.minecraft.feather":4,"stat.drop.minecraft.bone":1,"stat.useItem.minecraft.furnace":2,"stat.craftItem.mca.rose_gold_ingot":7,"stat.craftItem.minecraft.wooden_sword":1,"stat.pickup.minecraft.dye":350,"stat.pickup.minecraft.planks":18,"stat.pickup.minecraft.iron_leggings":7,"stat.pickup.chisel.limestone2":8,"stat.entityKilledBy.grimoireofgaia.bee":2,"stat.mineBlock.minecraft.gravel":8,"stat.useItem.minecraft.stone_pickaxe":131,"stat.craftItem.minecraft.iron_leggings":1,"stat.useItem.minecraft.wool":3,"stat.mineBlock.minecraft.dirt":57,"stat.useItem.minecraft.torch":24,"stat.useItem.minecraft.bread":3,"stat.pickup.minecraft.golden_apple":1,"stat.pickup.minecraft.iron_nugget":80,"stat.mineBlock.iceandfire.silver_ore":5,"stat.pickup.minecraft.crafting_table":15,"stat.useItem.minecraft.cobblestone":407,"stat.craftItem.minecraft.crafting_table":4,"stat.craftItem.minecraft.boat":2,"stat.mineBlock.minecraft.emerald_ore":4,"stat.pickup.minecraft.log":274,"stat.pickup.minecraft.iron_pickaxe":3,"stat.drop.zawa.blubber":7,"stat.drop.grimoireofgaia.food_honey":2,"stat.craftItem.minecraft.gold_ingot":8,"stat.pickup.mca.rose_gold_ingot":77,"stat.pickup.minecraft.chicken":16,"stat.pickup.minecraft.sapling":44,"stat.pickup.minecraft.apple":18,"stat.craftItem.minecraft.planks":68,"stat.mineBlock.minecraft.log":77,"stat.craftItem.minecraft.cooked_chicken":2,"stat.sneakTime":26571,"stat.pickup.minecraft.wool":45,"stat.drop.botania.mushroom":2,"stat.pickup.minecraft.chest":3,"stat.craftItem.minecraft.diamond_chestplate":1,"stat.pickup.minecraft.bone":20,"stat.mineBlock.minecraft.cobblestone":66,"stat.killEntity.grimoireofgaia.dryad":9,"stat.pickup.minecraft.stone_pickaxe":3,"stat.pickup.minecraft.flint":3,"stat.entityKilledBy.grimoireofgaia.cecaelia":1,"stat.drop.grimoireofgaia.misc_pearl":1,"stat.useItem.minecraft.diamond_sword":141,"stat.drop.minecraft.iron_nugget":7,"stat.swimOneCm":107998,"stat.climbOneCm":1241,"stat.pickup.minecraft.enchanted_book":7,"stat.drop.minecraft.cobblestone":102,"stat.pickup.jurassicraft.amber":1,"stat.pickup.minecraft.cooked_porkchop":29,"stat.mineBlock.evilcraft.dark_ore":3,"stat.useItem.minecraft.dirt":18,"stat.pickup.wings.fairy_dust":167,"stat.useItem.minecraft.stone_slab2":49,"stat.pickup.minecraft.iron_boots":4,"stat.craftItem.minecraft.furnace":3,"stat.useItem.minecraft.egg":1,"stat.craftItem.minecraft.iron_boots":1,"stat.craftItem.minecraft.stone_pickaxe":1,"stat.craftItem.minecraft.cooked_beef":3,"stat.pickup.minecraft.cobblestone":2539,"stat.useItem.grimoireofgaia.food_honey":1,"stat.mineBlock.chisel.limestone2":8,"stat.flyOneCm":428128,"stat.pickup.minecraft.glass_bottle":16,"stat.pickup.minecraft.fish":4,"stat.useItem.minecraft.cooked_beef":3,"stat.drop.minecraft.clay_ball":1,"stat.pickup.minecraft.redstone":87,"stat.mineBlock.minecraft.iron_ore":50,"stat.timeSinceDeath":31852,"stat.pickup.chococraft.lovely_gysahl_green":12,"stat.pickup.minecraft.mutton":40,"stat.pickup.minecraft.mossy_cobblestone":9,"stat.killEntity.seaserpent":1,"stat.useItem.minecraft.cooked_porkchop":7,"stat.mineBlock.minecraft.coal_ore":81,"stat.drop.minecraft.wool":1,"stat.entityKilledBy.grimoireofgaia.dryad":2,"stat.pickup.minecraft.shield":5,"stat.pickup.minecraft.wooden_sword":9,"stat.pickup.grimoireofgaia.food_root":9,"stat.craftItem.minecraft.stone_slab2":0,"stat.pickup.zawa.blubber":37,"stat.useItem.grimoireofgaia.food_root":3,"stat.sprintOneCm":649724,"stat.useItem.zawa.cetacean_meat_raw":1,"stat.craftItem.minecraft.stick":24,"stat.mineBlock.minecraft.diamond_ore":15,"stat.mineBlock.minecraft.crafting_table":5,"stat.useItem.minecraft.diamond_pickaxe":989,"stat.pickup.minecraft.diamond_chestplate":9,"stat.pickup.chococraft.gysahl_green_seeds":286,"stat.mineBlock.minecraft.planks":2,"stat.drop":23,"stat.pickup.grimoireofgaia.misc_pearl":10,"stat.useItem.minecraft.wooden_sword":57,"stat.killEntity.Sheep":7,"stat.craftItem.minecraft.diamond_pickaxe":1,"stat.craftItem.zawa.cetacean_meat_cooked":6,"stat.pickup.iceandfire.chared_dirt":9,"stat.mineBlock.minecraft.gold_ore":8,"stat.diveOneCm":64980,"stat.mineBlock.minecraft.mossy_cobblestone":1,"stat.entityKilledBy.seaserpent":10,"stat.drop.minecraft.wooden_pickaxe":2,"stat.pickup.minecraft.gravel":3,"stat.craftItem.minecraft.cooked_porkchop":12,"stat.pickup.minecraft.stone_axe":4,"stat.pickup.minecraft.diamond_sword":7,"stat.craftItem.minecraft.diamond_sword":1,"stat.jump":3525,"stat.pickup.minecraft.coal":149,"stat.pickup.minecraft.iron_helmet":4,"stat.pickup.minecraft.iron_ingot":258,"stat.useItem.minecraft.stone_axe":71,"stat.pickup.minecraft.spider_eye":2,"stat.craftItem.minecraft.torch":8,"stat.pickup.minecraft.dirt":299,"stat.pickup.evilcraft.dark_gem_crushed":2,"stat.craftItem.minecraft.iron_helmet":1,"stat.mineBlock.wings.amethyst_ore":26,"stat.useItem.minecraft.cooked_chicken":2,"stat.pickup.minecraft.iron_ore":185,"stat.mineBlock.mca.rose_gold_ore":8,"stat.boatOneCm":92240,"stat.pickup.minecraft.gold_ore":24,"stat.mineBlock.minecraft.lapis_ore":5,"stat.mineBlock.minecraft.glass_pane":1,"stat.damageTaken":8257,"stat.pickup.minecraft.leather":7,"stat.mineBlock.minecraft.torch":13,"stat.mineBlock.minecraft.furnace":5,"stat.useItem.minecraft.wooden_pickaxe":69,"stat.pickup.evilcraft.dark_gem":98,"stat.pickup.minecraft.bed":1,"stat.entityKilledBy.Zombie":1,"stat.damageDealt":11193,"stat.sleepInBed":2,"stat.pickup.chococraft.gysahl_green":8,"stat.killEntity.Cow":1,"stat.killEntity.Pig":7,"stat.mineBlock.iceandfire.chared_dirt":7,"stat.pickup.minecraft.boat":8,"stat.walkOneCm":464037,"stat.pickup.minecraft.stick":71,"stat.pickup.minecraft.diamond_pickaxe":9,"stat.mineBlock.jurassicraft.plant_fossil_block":2,"stat.pickup.minecraft.clay_ball":2,"stat.pickup.grimoireofgaia.food_honey":5,"stat.mineBlock.chisel.basalt2":2,"stat.pickup.wings.evil_wings":6,"stat.pickup.wolfarmor.gold_wolf_armor":7,"stat.pickup.openblocks.info_book":3,"stat.pickup.minecraft.stone":196,"stat.mineBlock.minecraft.wool":1,"stat.pickup.minecraft.cooked_beef":3,"stat.pickup.minecraft.gold_ingot":16,"stat.killEntity.Skeleton":6,"stat.killEntity.Chicken":2,"stat.killEntity.Spider":1,"stat.pickup.minecraft.bread":3,"stat.mobKills":43,"stat.useItem.minecraft.golden_apple":1,"stat.useItem.minecraft.boat":3,"stat.pickup.minecraft.diamond":43,"stat.mineBlock.minecraft.leaves":32,"stat.mineBlock.wings.fairy_dust_ore":16,"stat.pickup.minecraft.torch":43,"stat.mineBlock.minecraft.redstone_ore":19,"stat.pickup.wings.amethyst":262,"stat.killEntity.grimoireofgaia.bee":4,"stat.drop.minecraft.stone_axe":1,"stat.pickup.evilcraft.werewolf_flesh":11,"stat.mineBlock.minecraft.stone":1240}